<?xml version="1.0" encoding="UTF-8"?>
<metadata xml:lang="es"><Esri><CreaDate>20251003</CreaDate><CreaTime>09104000</CreaTime><ArcGISFormat>1.0</ArcGISFormat><SyncOnce>TRUE</SyncOnce><DataProperties><lineage><Process ToolSource="c:\users\carlosméndez\appdata\local\programs\arcgis\pro\Resources\ArcToolbox\Toolboxes\Data Management Tools.tbx\DeleteField" Date="20251003" Time="091040">DeleteField HRU NewName DELETE_FIELDS</Process><Process ToolSource="c:\users\carlosméndez\appdata\local\programs\arcgis\pro\Resources\ArcToolbox\Toolboxes\Data Management Tools.tbx\DeleteField" Date="20251003" Time="091050">DeleteField HRU DN DELETE_FIELDS</Process><Process ToolSource="c:\users\carlosméndez\appdata\local\programs\arcgis\pro\Resources\ArcToolbox\Toolboxes\Data Management Tools.tbx\Rename" Date="20251003" Time="091159">Rename C:\Users\CarlosMéndez\Downloads\datos_BM_Bolivia\HRU.shp C:\Users\CarlosMéndez\Downloads\datos_BM_Bolivia\HRU_boundary.shp ShapeFile</Process></lineage></DataProperties></Esri></metadata>
