system:time_start,runoff
"Jan 1, 1980",76.871
"Feb 1, 1980",61.087
"Mar 1, 1980",92.26
"Apr 1, 1980",51.571
"May 1, 1980",21.197
"Jun 1, 1980",16.323
"Jul 1, 1980",16.277
"Aug 1, 1980",23.666
"Sep 1, 1980",39.338
"Oct 1, 1980",44.522
"Nov 1, 1980",32.917
"Dec 1, 1980",40.898
"Jan 1, 1981",144.269
"Feb 1, 1981",173.773
"Mar 1, 1981",126.713
"Apr 1, 1981",65.44
"May 1, 1981",25.56
"Jun 1, 1981",13.308
"Jul 1, 1981",9.978
"Aug 1, 1981",29.932
"Sep 1, 1981",43.929
"Oct 1, 1981",52.257
"Nov 1, 1981",51.979
"Dec 1, 1981",67.264
"Jan 1, 1982",178.726
"Feb 1, 1982",107.665
"Mar 1, 1982",124.257
"Apr 1, 1982",74.668
"May 1, 1982",25.901
"Jun 1, 1982",13.872
"Jul 1, 1982",10.372
"Aug 1, 1982",9.423
"Sep 1, 1982",14.743
"Oct 1, 1982",16.856
"Nov 1, 1982",42.189
"Dec 1, 1982",62.305
"Jan 1, 1983",54.232
"Feb 1, 1983",60.008
"Mar 1, 1983",49.605
"Apr 1, 1983",22.555
"May 1, 1983",15.35
"Jun 1, 1983",15.135
"Jul 1, 1983",22.561
"Aug 1, 1983",33.217
"Sep 1, 1983",32.438
"Oct 1, 1983",22.622
"Nov 1, 1983",29.987
"Dec 1, 1983",47.275
"Jan 1, 1984",283.413
"Feb 1, 1984",227.22
"Mar 1, 1984",189.004
"Apr 1, 1984",73.669
"May 1, 1984",22.542
"Jun 1, 1984",14.945
"Jul 1, 1984",11.766
"Aug 1, 1984",14.852
"Sep 1, 1984",14.088
"Oct 1, 1984",28.892
"Nov 1, 1984",86.877
"Dec 1, 1984",85.184
"Jan 1, 1985",111.008
"Feb 1, 1985",138.394
"Mar 1, 1985",91.572
"Apr 1, 1985",67.787
"May 1, 1985",33.288
"Jun 1, 1985",16.543
"Jul 1, 1985",12.238
"Aug 1, 1985",14.293
"Sep 1, 1985",23.054
"Oct 1, 1985",26.122
"Nov 1, 1985",77.27
"Dec 1, 1985",127.253
"Jan 1, 1986",132.76
"Feb 1, 1986",148.099
"Mar 1, 1986",164.686
"Apr 1, 1986",81.427
"May 1, 1986",27.899
"Jun 1, 1986",14.107
"Jul 1, 1986",12.094
"Aug 1, 1986",13.806
"Sep 1, 1986",31.417
"Oct 1, 1986",28.802
"Nov 1, 1986",27.281
"Dec 1, 1986",103.151
"Jan 1, 1987",154.76
"Feb 1, 1987",65.219
"Mar 1, 1987",45.504
"Apr 1, 1987",39.686
"May 1, 1987",24.967
"Jun 1, 1987",15.59
"Jul 1, 1987",18.18
"Aug 1, 1987",13.438
"Sep 1, 1987",16.348
"Oct 1, 1987",47.762
"Nov 1, 1987",51.269
"Dec 1, 1987",39.285
"Jan 1, 1988",94.589
"Feb 1, 1988",94.327
"Mar 1, 1988",163.835
"Apr 1, 1988",105.858
"May 1, 1988",40.617
"Jun 1, 1988",16.295
"Jul 1, 1988",9.592
"Aug 1, 1988",7.454
"Sep 1, 1988",14.968
"Oct 1, 1988",21.375
"Nov 1, 1988",17.479
"Dec 1, 1988",38.225
"Jan 1, 1989",72.611
"Feb 1, 1989",66.128
"Mar 1, 1989",62.556
"Apr 1, 1989",51.383
"May 1, 1989",27.282
"Jun 1, 1989",14.173
"Jul 1, 1989",10.305
"Aug 1, 1989",8.59
"Sep 1, 1989",17.545
"Oct 1, 1989",15.151
"Nov 1, 1989",15.301
"Dec 1, 1989",47.743
"Jan 1, 1990",91.401
"Feb 1, 1990",68.434
"Mar 1, 1990",38.276
"Apr 1, 1990",24.468
"May 1, 1990",22.814
"Jun 1, 1990",36.667
"Jul 1, 1990",24.99
"Aug 1, 1990",12.706
"Sep 1, 1990",10.683
"Oct 1, 1990",24.147
"Nov 1, 1990",56.29
"Dec 1, 1990",72.605
"Jan 1, 1991",125.86
"Feb 1, 1991",98.785
"Mar 1, 1991",69.832
"Apr 1, 1991",34.249
"May 1, 1991",14.128
"Jun 1, 1991",12.424
"Jul 1, 1991",10.191
"Aug 1, 1991",8.973
"Sep 1, 1991",13.046
"Oct 1, 1991",19.778
"Nov 1, 1991",30.176
"Dec 1, 1991",38.791
"Jan 1, 1992",97.543
"Feb 1, 1992",94.082
"Mar 1, 1992",54.254
"Apr 1, 1992",25.213
"May 1, 1992",14.329
"Jun 1, 1992",25.435
"Jul 1, 1992",20.628
"Aug 1, 1992",20.961
"Sep 1, 1992",21.166
"Oct 1, 1992",20.214
"Nov 1, 1992",40.006
"Dec 1, 1992",64.553
"Jan 1, 1993",153.769
"Feb 1, 1993",100.191
"Mar 1, 1993",73.121
"Apr 1, 1993",42.424
"May 1, 1993",17.737
"Jun 1, 1993",9.811
"Jul 1, 1993",10.52
"Aug 1, 1993",43.857
"Sep 1, 1993",40.195
"Oct 1, 1993",28.345
"Nov 1, 1993",32.757
"Dec 1, 1993",74.838
"Jan 1, 1994",91.934
"Feb 1, 1994",110.675
"Mar 1, 1994",64.212
"Apr 1, 1994",35.518
"May 1, 1994",19.074
"Jun 1, 1994",10.267
"Jul 1, 1994",7.314
"Aug 1, 1994",6.766
"Sep 1, 1994",11.164
"Oct 1, 1994",15.25
"Nov 1, 1994",24.207
"Dec 1, 1994",53.798
"Jan 1, 1995",88.887
"Feb 1, 1995",93.147
"Mar 1, 1995",87.506
"Apr 1, 1995",40.381
"May 1, 1995",14.924
"Jun 1, 1995",9.317
"Jul 1, 1995",7.188
"Aug 1, 1995",7.593
"Sep 1, 1995",10.009
"Oct 1, 1995",10.238
"Nov 1, 1995",17.614
"Dec 1, 1995",64.126
"Jan 1, 1996",120.906
"Feb 1, 1996",67.521
"Mar 1, 1996",44.536
"Apr 1, 1996",28.717
"May 1, 1996",14.616
"Jun 1, 1996",9.474
"Jul 1, 1996",8.567
"Aug 1, 1996",19.847
"Sep 1, 1996",24.931
"Oct 1, 1996",20.183
"Nov 1, 1996",48.819
"Dec 1, 1996",87.567
"Jan 1, 1997",124.232
"Feb 1, 1997",148.97
"Mar 1, 1997",120.1
"Apr 1, 1997",53.026
"May 1, 1997",27.176
"Jun 1, 1997",16.57
"Jul 1, 1997",11.403
"Aug 1, 1997",12.421
"Sep 1, 1997",20.942
"Oct 1, 1997",21.647
"Nov 1, 1997",20.968
"Dec 1, 1997",25.72
"Jan 1, 1998",39.437
"Feb 1, 1998",43.497
"Mar 1, 1998",49.531
"Apr 1, 1998",36.564
"May 1, 1998",17.7
"Jun 1, 1998",17.236
"Jul 1, 1998",13.902
"Aug 1, 1998",8.97
"Sep 1, 1998",12.711
"Oct 1, 1998",35.186
"Nov 1, 1998",49.465
"Dec 1, 1998",35.081
"Jan 1, 1999",67.94
"Feb 1, 1999",109.371
"Mar 1, 1999",189.168
"Apr 1, 1999",74.656
"May 1, 1999",21.282
"Jun 1, 1999",11.948
"Jul 1, 1999",8.45
"Aug 1, 1999",7.386
"Sep 1, 1999",22.077
"Oct 1, 1999",25.049
"Nov 1, 1999",19.044
"Dec 1, 1999",33.411
"Jan 1, 2000",102.627
"Feb 1, 2000",113.026
"Mar 1, 2000",91.497
"Apr 1, 2000",39.317
"May 1, 2000",14.162
"Jun 1, 2000",13.214
"Jul 1, 2000",10.998
"Aug 1, 2000",9.719
"Sep 1, 2000",11.513
"Oct 1, 2000",24.364
"Nov 1, 2000",27.514
"Dec 1, 2000",60.804
"Jan 1, 2001",156.008
"Feb 1, 2001",155.374
"Mar 1, 2001",136.998
"Apr 1, 2001",56.672
"May 1, 2001",22.118
"Jun 1, 2001",17.351
"Jul 1, 2001",14.905
"Aug 1, 2001",18.703
"Sep 1, 2001",16.081
"Oct 1, 2001",19.083
"Nov 1, 2001",27.511
"Dec 1, 2001",59.807
"Jan 1, 2002",60.383
"Feb 1, 2002",99.841
"Mar 1, 2002",97.676
"Apr 1, 2002",50.942
"May 1, 2002",23.212
"Jun 1, 2002",15.699
"Jul 1, 2002",26.855
"Aug 1, 2002",22.9
"Sep 1, 2002",16.833
"Oct 1, 2002",27.537
"Nov 1, 2002",29.916
"Dec 1, 2002",32.587
"Jan 1, 2003",98.405
"Feb 1, 2003",90.093
"Mar 1, 2003",76.644
"Apr 1, 2003",39.142
"May 1, 2003",15.281
"Jun 1, 2003",8.739
"Jul 1, 2003",8.383
"Aug 1, 2003",9.761
"Sep 1, 2003",10.735
"Oct 1, 2003",12.104
"Nov 1, 2003",15.455
"Dec 1, 2003",110.413
"Jan 1, 2004",168.567
"Feb 1, 2004",119.459
"Mar 1, 2004",65.807
"Apr 1, 2004",37.361
"May 1, 2004",23.189
"Jun 1, 2004",20.815
"Jul 1, 2004",25.879
"Aug 1, 2004",21.808
"Sep 1, 2004",15.219
"Oct 1, 2004",13.965
"Nov 1, 2004",26.13
"Dec 1, 2004",49.806
"Jan 1, 2005",111.727
"Feb 1, 2005",146.46
"Mar 1, 2005",61.416
"Apr 1, 2005",34.231
"May 1, 2005",19.553
"Jun 1, 2005",9.263
"Jul 1, 2005",8.188
"Aug 1, 2005",8.012
"Sep 1, 2005",24.339
"Oct 1, 2005",33.936
"Nov 1, 2005",50.922
"Dec 1, 2005",68.477
"Jan 1, 2006",143.382
"Feb 1, 2006",106.973
"Mar 1, 2006",75.978
"Apr 1, 2006",49.432
"May 1, 2006",19.621
"Jun 1, 2006",9.129
"Jul 1, 2006",7.043
"Aug 1, 2006",8.613
"Sep 1, 2006",12.847
"Oct 1, 2006",17.151
"Nov 1, 2006",41.756
"Dec 1, 2006",59.483
"Jan 1, 2007",88.844
"Feb 1, 2007",102.096
"Mar 1, 2007",74.563
"Apr 1, 2007",44.481
"May 1, 2007",23.982
"Jun 1, 2007",12.661
"Jul 1, 2007",9.223
"Aug 1, 2007",9.619
"Sep 1, 2007",13.881
"Oct 1, 2007",20.138
"Nov 1, 2007",37.499
"Dec 1, 2007",79.222
"Jan 1, 2008",177.547
"Feb 1, 2008",131.528
"Mar 1, 2008",79.621
"Apr 1, 2008",52.798
"May 1, 2008",26.962
"Jun 1, 2008",13.554
"Jul 1, 2008",9.482
"Aug 1, 2008",10.829
"Sep 1, 2008",12.643
"Oct 1, 2008",20.167
"Nov 1, 2008",27.069
"Dec 1, 2008",62.077
"Jan 1, 2009",68.052
"Feb 1, 2009",91.906
"Mar 1, 2009",75.787
"Apr 1, 2009",43.805
"May 1, 2009",20.013
"Jun 1, 2009",9.698
"Jul 1, 2009",9.649
"Aug 1, 2009",8.487
"Sep 1, 2009",11.758
"Oct 1, 2009",18.218
"Nov 1, 2009",32.882
"Dec 1, 2009",87.149
"Jan 1, 2010",97.228
"Feb 1, 2010",89.937
"Mar 1, 2010",65.019
"Apr 1, 2010",32.943
"May 1, 2010",25.676
"Jun 1, 2010",19.895
"Jul 1, 2010",21.63
"Aug 1, 2010",18.278
"Sep 1, 2010",12.358
"Oct 1, 2010",13.7
"Nov 1, 2010",12.64
"Dec 1, 2010",56.103
"Jan 1, 2011",72.724
"Feb 1, 2011",204.029
"Mar 1, 2011",140.645
"Apr 1, 2011",50.559
"May 1, 2011",16.904
"Jun 1, 2011",9.677
"Jul 1, 2011",13.256
"Aug 1, 2011",11.104
"Sep 1, 2011",14.784
"Oct 1, 2011",26.674
"Nov 1, 2011",30.125
"Dec 1, 2011",61.456
"Jan 1, 2012",92.806
"Feb 1, 2012",132.797
"Mar 1, 2012",102.74
"Apr 1, 2012",67.779
"May 1, 2012",33.337
"Jun 1, 2012",15.124
"Jul 1, 2012",12.328
"Aug 1, 2012",10.774
"Sep 1, 2012",9.208
"Oct 1, 2012",10.561
"Nov 1, 2012",16.466
"Dec 1, 2012",66.225
"Jan 1, 2013",110.421
"Feb 1, 2013",99.3
"Mar 1, 2013",59.193
"Apr 1, 2013",22.209
"May 1, 2013",37.88
"Jun 1, 2013",55.418
"Jul 1, 2013",30.121
"Aug 1, 2013",35.167
"Sep 1, 2013",23.58
"Oct 1, 2013",27.412
"Nov 1, 2013",30.465
"Dec 1, 2013",74.172
"Jan 1, 2014",163.878
"Feb 1, 2014",127.923
"Mar 1, 2014",58.895
"Apr 1, 2014",34.052
"May 1, 2014",25.958
"Jun 1, 2014",16.78
"Jul 1, 2014",12.215
"Aug 1, 2014",16.365
"Sep 1, 2014",25.371
"Oct 1, 2014",16.363
"Nov 1, 2014",12.839
"Dec 1, 2014",31.336
"Jan 1, 2015",133.827
"Feb 1, 2015",106.721
"Mar 1, 2015",74.794
"Apr 1, 2015",49.605
"May 1, 2015",27.812
"Jun 1, 2015",15.464
"Jul 1, 2015",15.444
"Aug 1, 2015",18.73
"Sep 1, 2015",16.807
"Oct 1, 2015",23.476
"Nov 1, 2015",36.365
"Dec 1, 2015",50.581
"Jan 1, 2016",69.133
"Feb 1, 2016",87.171
"Mar 1, 2016",50.894
"Apr 1, 2016",25.634
"May 1, 2016",15.416
"Jun 1, 2016",12.802
"Jul 1, 2016",9.238
"Aug 1, 2016",11.163
"Sep 1, 2016",9.652
"Oct 1, 2016",18.009
"Nov 1, 2016",15.673
"Dec 1, 2016",31.588
"Jan 1, 2017",56.252
"Feb 1, 2017",56.684
"Mar 1, 2017",87.182
"Apr 1, 2017",58.61
"May 1, 2017",50.696
"Jun 1, 2017",25.886
"Jul 1, 2017",10.831
"Aug 1, 2017",10.314
"Sep 1, 2017",20.367
"Oct 1, 2017",25.316
"Nov 1, 2017",19.712
"Dec 1, 2017",43.165
"Jan 1, 2018",73.776
"Feb 1, 2018",142.344
"Mar 1, 2018",101.752
"Apr 1, 2018",36.794
"May 1, 2018",15.062
"Jun 1, 2018",23.492
"Jul 1, 2018",23.809
"Aug 1, 2018",23.455
"Sep 1, 2018",19.231
"Oct 1, 2018",37.681
"Nov 1, 2018",55.039
"Dec 1, 2018",67.459
"Jan 1, 2019",67.798
"Feb 1, 2019",103.958
"Mar 1, 2019",71.527
"Apr 1, 2019",45.511
"May 1, 2019",30.933
"Jun 1, 2019",15.819
"Jul 1, 2019",14.098
"Aug 1, 2019",10.427
"Sep 1, 2019",14.015
"Oct 1, 2019",25.75
"Nov 1, 2019",41.036
"Dec 1, 2019",49.692
"Jan 1, 2020",88.98
"Feb 1, 2020",114.559
"Mar 1, 2020",67.553
"Apr 1, 2020",45.073
"May 1, 2020",35.348
"Jun 1, 2020",33.832
"Jul 1, 2020",22.237
"Aug 1, 2020",15.566
"Sep 1, 2020",15.619
"Oct 1, 2020",15.364
"Nov 1, 2020",12.272
"Dec 1, 2020",50.703
